id,diagnosis_id,nci_code,name,created_at,updated_at
1,544,,"tumor, benign",22:49.4,22:49.4
2,544,,"unclassified tumor, benign",22:49.5,22:49.5
7,1,,"tumor, malignant, nos",22:49.5,22:49.5
8,1,,malignancy,22:49.5,22:49.5
9,1,,cancer,22:49.5,22:49.5
10,1,,"unclassified tumor, malignant",22:49.5,22:49.5
11,1,,"blastoma, nos",22:49.5,22:49.5
18,5,,"malignant tumor, fusiform cell type",22:49.6,22:49.6
399,817,,fetal fat cell lipoma,22:53.8,22:53.8
400,817,,brown fat tumor,22:53.9,22:53.9
404,634,,fibroid uterus,22:53.9,22:53.9
405,634,,fibromyoma,22:53.9,22:53.9
406,634,,leiomyofibroma,22:53.9,22:53.9
407,634,,plexiform leiomyoma,22:53.9,22:53.9
408,634,,lipoleiomyoma,22:53.9,22:53.9
417,84,,rhabdosarcoma,22:54.2,22:54.2
442,677,,rathke pouch tumor,22:54.4,22:54.4
443,1077,,mixed pineal tumor,22:54.4,22:54.4
444,1077,,mixed pineocytoma-pineoblastoma,22:54.5,22:54.5
445,1077,,transitional pineal tumor,22:54.5,22:54.5
449,353,,"neuroectodermal tumor, nos",22:54.5,22:54.5
450,353,,"peripheral primitive neuroectodermal tumor, nos",22:54.5,22:54.5
451,353,,ppnet,22:54.5,22:54.5
454,583,,subependymal glioma,22:54.6,22:54.6
455,583,,"subependymal astrocytoma, nos",22:54.6,22:54.6
456,583,,mixed subependymoma-ependymoma,22:54.6,22:54.6
457,625,,"choroid plexus papilloma, anaplastic",22:54.6,22:54.6
458,625,,"choroid plexus papilloma, malignant",22:54.6,22:54.6
459,1066,,epithelial ependymoma,22:54.6,22:54.6
553,894,,adrenal medullary paraganglioma,22:55.6,22:55.6
554,894,,chromaffin paraganglioma,22:55.6,22:55.6
555,894,,chromaffin tumor,22:55.6,22:55.6
556,894,,chromaffinoma,22:55.6,22:55.6
888,89,,"lymphoma, nos",22:59.6,22:59.6
593,553,,localized fibrous tumor,22:56.2,22:56.2
594,923,,extra-abdominal desmoid,22:56.3,22:56.3
595,923,,"desmoid, nos",22:56.3,22:56.3
596,923,,invasive fibroma,22:56.3,22:56.3
608,275,,"fibroxanthoma, malignant",22:56.4,22:56.4
621,161,,fibroliposarcoma,22:56.5,22:56.5
630,944,,"mixed tumor, nos",22:56.6,22:56.6
631,944,,"mixed tumor, salivary gland type, nos",22:56.6,22:56.6
632,944,,chondroid syringoma,22:56.6,22:56.6
667,281,,"synovial sarcoma, monophasic fibrous",22:57.0,22:57.0
670,329,,"mesothelioma, nos",22:57.0,22:57.0
683,286,,"germ cell tumor, nos",22:57.2,22:57.2
684,185,,embryonal adenocarcinoma,22:57.2,22:57.2
685,186,,endodermal sinus tumor,22:57.2,22:57.2
686,186,,polyvesicular vitelline tumor,22:57.2,22:57.2
687,186,,orchioblastoma,22:57.2,22:57.2
688,186,,"embryonal carcinoma, infantile",22:57.2,22:57.2
689,186,,hepatoid yolk sac tumor,22:57.2,22:57.2
692,557,,adult cystic teratoma,22:57.3,22:57.3
693,557,,"adult teratoma, nos",22:57.3,22:57.3
694,557,,"cystic teratoma, nos",22:57.3,22:57.3
695,557,,"teratoma, differentiated",22:57.3,22:57.3
696,557,,mature teratoma,22:57.3,22:57.3
697,558,,solid teratoma,22:57.4,22:57.4
698,288,,embryonal teratoma,22:57.4,22:57.4
699,288,,"teratoblastoma, malignant",22:57.5,22:57.5
700,288,,"immature teratoma, malignant",22:57.5,22:57.5
701,288,,"immature teratoma, nos",22:57.5,22:57.5
705,292,,dermoid cyst with malignant transformation,22:57.5,22:57.5
706,292,,dermoid cyst with secondary tumor,22:57.5,22:57.5
707,293,,mixed teratoma and seminoma,22:57.5,22:57.5
715,294,,chorionepithelioma,22:57.6,22:57.6
716,294,,chorioepithelioma,22:57.6,22:57.6
725,560,,"angioma, nos",22:57.7,22:57.7
726,560,,chorioangioma,22:57.7,22:57.7
727,248,,angiosarcoma,22:57.7,22:57.7
740,74,,multiple hemorrhagic sarcoma,22:57.9,22:57.9
741,563,,hemangiopericytic meningioma,22:57.9,22:57.9
747,564,,angioblastoma,22:58.0,22:58.0
754,356,,"osteogenic sarcoma, nos",22:58.0,22:58.0
755,356,,osteochondrosarcoma,22:58.0,22:58.0
756,356,,osteoblastic sarcoma,22:58.1,22:58.1
763,1005,,giant osteoid osteoma,22:58.1,22:58.1
764,1007,,cartilaginous exostosis,22:58.2,22:58.2
765,1007,,osteocartilaginous exostosis,22:58.2,22:58.2
766,1007,,ecchondroma,22:58.2,22:58.2
768,1009,,enchondroma,22:58.2,22:58.2
769,313,,fibrochondrosarcoma,22:58.2,22:58.2
797,589,,astrocytic glioma,22:58.5,22:58.5
798,589,,astroglioma,22:58.5,22:58.5
799,589,,diffuse astrocytoma,22:58.5,22:58.5
800,589,,"astrocytoma, low grade",22:58.5,22:58.5
801,589,,"diffuse astrocytoma, low grade",22:58.5,22:58.5
802,589,,cystic astrocytoma,22:58.6,22:58.6
803,592,,gemistocytoma,22:58.6,22:58.6
804,593,,desmoplastic infantile ganglioglioma,22:58.6,22:58.6
805,595,,fibrous astrocytoma,22:58.6,22:58.6
806,596,,piloid astrocytoma,22:58.6,22:58.6
807,596,,juvenile astrocytoma,22:58.6,22:58.6
808,596,,"spongioblastoma, nos",22:58.6,22:58.6
811,601,,glioblastoma multiforme,22:58.7,22:58.7
812,601,,spongioblastoma multiforme,22:58.7,22:58.7
813,602,,monstrocellular sarcoma,22:58.7,22:58.7
814,604,,glioblastoma with sarcomatous component,22:58.7,22:58.7
815,605,,chordoid glioma of third ventricle,22:58.7,22:58.7
816,627,,melanotic medulloblastoma,22:58.7,22:58.7
817,1080,,desmoplastic medulloblastoma,22:58.7,22:58.7
818,1080,,circumscribed arachnoidal cerebellar sarcoma,22:58.7,22:58.7
819,609,,"pnet, nos",22:58.8,22:58.8
820,609,,"central primitive neuroectodermal tumor, nos",22:58.8,22:58.8
821,609,,cpnet,22:58.8,22:58.8
822,609,,supratentorial pnet,22:58.8,22:58.8
823,303,,sympathicoblastoma,22:58.8,22:58.8
824,303,,central neuroblastoma,22:58.8,22:58.8
826,304,,"diktyoma, malignant",22:58.8,22:58.8
827,612,,glioneuroma,22:58.8,22:58.8
828,612,,neuroastrocytoma,22:58.9,22:58.9
829,1072,,neurocytoma,22:58.9,22:58.9
832,1072,,neurolipocytoma,22:58.9,22:58.9
833,1072,,medullocytoma,22:58.9,22:58.9
835,317,,esthesioneuroblastoma,22:58.9,22:58.9
841,566,,diffuse meningiomatosis,22:59.1,22:59.1
842,566,,multiple meningiomas,22:59.1,22:59.1
843,567,,"meningioma, anaplastic",22:59.1,22:59.1
844,567,,leptomeningeal sarcoma,22:59.1,22:59.1
845,567,,meningeal sarcoma,22:59.2,22:59.2
846,567,,meningothelial sarcoma,22:59.2,22:59.2
847,568,,endotheliomatous meningioma,22:59.2,22:59.2
848,568,,syncytial meningioma,22:59.2,22:59.2
849,569,,fibroblastic meningioma,22:59.2,22:59.2
851,572,,mixed meningioma,22:59.2,22:59.2
857,1091,,"mpnst, nos",22:59.3,22:59.3
858,1091,,neurofibrosarcoma,22:59.3,22:59.3
859,1091,,neurogenic sarcoma,22:59.3,22:59.3
860,1091,,neurosarcoma,22:59.3,22:59.3
862,1091,,epithelioid mpnst,22:59.3,22:59.3
864,1091,,melanotic mpnst,22:59.3,22:59.3
865,1091,,melanotic psammomatous mpnst,22:59.4,22:59.4
867,1085,,"schwannoma, nos",22:59.4,22:59.4
868,1085,,neurinoma,22:59.4,22:59.4
869,1085,,acoustic neuroma,22:59.4,22:59.4
872,1085,,plexiform schwannoma,22:59.4,22:59.4
874,1085,,degenerated schwannoma,22:59.4,22:59.4
875,1085,,ancient schwannoma,22:59.4,22:59.4
876,1085,,psammomatous schwannoma,22:59.4,22:59.4
883,622,,intraneural perineurioma,22:59.5,22:59.5
884,622,,soft tissue perineurioma,22:59.5,22:59.5
885,312,,perineural mpnst,22:59.5,22:59.5
831,1074,,lipomatous medulloblastoma,22:58.9,38:18.0
861,1095,,mpnst with glandular differentiation,22:59.3,38:19.1
863,1093,,mpnst with mesenchymal differentiation,22:59.3,38:19.1
873,1086,,cellular schwannoma,22:59.4,38:19.2
871,1088,,melanotic schwannoma,22:59.4,38:19.2
870,1088,,pigmented schwannoma,22:59.4,38:19.3
889,89,,microglioma,22:59.6,22:59.6
950,109,,"diffuse large b-cell lymphoma, nos",23:00.1,23:00.1
951,109,,"malignant lymphoma, large cell, nos",23:00.1,23:00.1
952,109,,"malignant lymphoma, large b-cell, nos",23:00.1,23:00.1
953,109,,"malignant lymphoma, histiocytic, nos",23:00.1,23:00.1
954,109,,"malignant lymphoma, histiocytic, diffuse",23:00.1,23:00.1
955,109,,"malignant lymphoma, large cell, cleaved and noncleaved",23:00.1,23:00.1
956,109,,"malignant lymphoma, large cell, diffuse, nos",23:00.1,23:00.1
957,109,,"malignant lymphoma, large cleaved cell, nos",23:00.2,23:00.2
958,109,,"malignant lymphoma, large cell, cleaved, diffuse",23:00.2,23:00.2
959,109,,"malignant lymphoma, large cell, cleaved, nos",23:00.2,23:00.2
960,109,,"malignant lymphoma, large cell,  noncleaved, diffuse",23:00.2,23:00.2
961,109,,"malignant lymphoma, large cell, noncleaved, nos",23:00.2,23:00.2
962,109,,"malignant lymphoma, noncleaved, diffuse, nos",23:00.2,23:00.2
963,109,,"malignant lymphoma, noncleaved, nos",23:00.2,23:00.2
964,109,,"malignant lymphoma, large b-cell, diffuse, centroblastic, nos",23:00.2,23:00.2
965,109,,"malignant lymphoma, centroblastic, nos",23:00.2,23:00.2
966,109,,"malignant lymphoma, centroblastic, diffuse",23:00.2,23:00.2
967,109,,intravascular large b-cell lymphoma,23:00.2,23:00.2
968,109,,intravascular b-cell lymphoma,23:00.3,23:00.3
969,109,,angioendotheliomatosis,23:00.3,23:00.3
970,109,,angiotropic lymphoma,23:00.3,23:00.3
971,109,,t-cell rich large b-cell lymphoma,23:00.3,23:00.3
972,109,,histiocyte-rich large b-cell lymphoma,23:00.3,23:00.3
973,109,,t-cell rich/histiocyte-rich large b-cell lymphoma,23:00.3,23:00.3
974,109,,anaplastic large b-cell lymphoma,23:00.3,23:00.3
1043,124,,plasmacytoma of bone,23:01.0,23:01.0
1044,124,,plasma cell tumor,23:01.1,23:01.1
1045,124,,solitary myeloma,23:01.1,23:01.1
1046,124,,solitary plasmacytoma,23:01.1,23:01.1
1047,216,,"myeloma, nos",23:01.1,23:01.1
1048,216,,myelomatosis,23:01.1,23:01.1
1049,216,,plasma cell myeloma,23:01.1,23:01.1
1201,419,,granulocytic sarcoma,23:02.5,23:02.5
1202,419,,chloroma,23:02.6,23:02.6
1226,1047,,"lymphoproliferative disease, nos",23:02.8,23:02.8
1238,1,,malignant neoplasm,32:25.6,32:25.6
1242,5,,spindle cell type malignant tumor,32:26.1,32:26.1
1350,281,,spindle cell synovial sarcoma,32:40.0,32:40.0
1365,329,,malignant mesothelioma,32:41.8,32:41.8
1452,544,,benign neoplasm,32:53.5,32:53.5
1460,566,,meningiomatosi,32:54.8,32:54.8
1463,621,,neuroma,32:55.0,32:55.0
1479,666,,pituitary adenoma,32:57.4,32:57.4
1569,895,,glomus tumor,33:10.1,33:10.1
1581,939,,myxoma,33:11.8,33:11.8
1608,1005,,osteoblastoma,33:15.6,33:15.6
1626,1047,,lymphoproliferative disorder,33:18.4,33:18.4
1628,1085,,neurinoma) schwannoma (neurilemmoma,33:18.6,33:18.6
1630,1087,,neurinoma) schwannoma plexiform (neurilemmoma,33:19.0,33:19.0
1631,1088,,neurinoma) melanotic schwannoma (neurilemmoma,33:19.1,33:19.1
1634,1,,"tumor, malignant",33:59.4,33:59.4
1635,1,,blastoma,33:59.4,33:59.4
1697,353,,neuroectodermal tumor,34:00.8,34:00.8
1698,353,,peripheral primitive neuroectodermal tumor,34:00.8,34:00.8
1699,583,,subependymal astrocytoma,34:00.8,34:00.8
1724,89,,lymphoma,34:01.2,34:01.2
1727,923,,desmoid,34:01.3,34:01.3
1733,944,,mixed tumor,34:01.4,34:01.4
1734,944,,"mixed tumor, salivary gland type",34:01.4,34:01.4
1743,329,,mesothelioma,34:01.5,34:01.5
1747,286,,germ cell tumor,34:01.6,34:01.6
1748,557,,adult teratoma,34:01.6,34:01.6
1749,557,,cystic teratoma,34:01.6,34:01.6
1750,288,,immature teratoma,34:01.6,34:01.6
1754,560,,angioma,34:01.9,34:01.9
1757,356,,osteogenic sarcoma,34:02.0,34:02.0
1759,596,,spongioblastoma,34:02.1,34:02.1
1760,609,,pnet,34:02.1,34:02.1
1761,609,,central primitive neuroectodermal tumor,34:02.1,34:02.1
1762,1091,,mpnst,34:02.2,34:02.2
1763,1085,,schwannoma,34:02.2,34:02.2
1787,109,,diffuse large b-cell lymphoma,34:02.5,34:02.5
1788,109,,"malignant lymphoma, large cell",34:02.5,34:02.5
1789,109,,"malignant lymphoma, large b-cell",34:02.6,34:02.6
1790,109,,"malignant lymphoma, histiocytic",34:02.6,34:02.6
1791,109,,"malignant lymphoma, large cell, diffuse",34:02.6,34:02.6
1792,109,,"malignant lymphoma, large cleaved cell",34:02.6,34:02.6
1793,109,,"malignant lymphoma, large cell, cleaved",34:02.6,34:02.6
1794,109,,"malignant lymphoma, large cell, noncleaved",34:02.6,34:02.6
1795,109,,"malignant lymphoma, noncleaved, diffuse",34:02.6,34:02.6
1796,109,,"malignant lymphoma, noncleaved",34:02.6,34:02.6
1797,109,,"malignant lymphoma, large b-cell, diffuse, centroblastic",34:02.6,34:02.6
1798,109,,"malignant lymphoma, centroblastic",34:02.6,34:02.6
1814,216,,myeloma,34:02.9,34:02.9
1843,1047,,lymphoproliferative disease,34:03.5,34:03.5
2025,74,C9087000,classical type hemorrhagic sarcoma,34:24.5,34:24.5
2026,74,C9087000,ks - kaposi sarcoma,34:24.5,34:24.5
2027,74,C9087000,kaposi sarcoma classical,34:24.5,34:24.5
2028,74,C9087000,multiple hemorrhagic sarcoma classical,34:24.5,34:24.5
2029,74,C9087000,sarcoma classical kaposi,34:24.5,34:24.5
2030,74,C9087000,classical type haemorrhagic sarcoma,34:24.5,34:24.5
2031,74,C9087000,classical multiple hemorrhagic sarcoma,34:24.5,34:24.5
2032,74,C9087000,sarcoma classical multiple hemorrhagic,34:24.5,34:24.5
2212,89,C3208000,lymphoma hodgkin and non-hodgkin,34:28.5,34:28.5
2213,124,C9349000,plasmacytic neoplasm,34:28.6,34:28.6
2214,124,C9349000,plasmacytic tumor,34:28.6,34:28.6
2215,124,C9349000,plasma cell tumour,34:28.6,34:28.6
2216,124,C9349000,plasma cell dyscrasia,34:28.6,34:28.6
2217,124,C9349000,plasma cell neoplasm,34:28.6,34:28.6
2218,124,C9349000,plasmacytic tumour,34:28.6,34:28.6
2308,186,C6443100,endodermal sinus neoplasm,34:29.9,34:29.9
2309,186,C6443100,yolk sack tumour,34:29.9,34:29.9
2310,186,C6443100,teilum tumor,34:29.9,34:29.9
2311,186,C6443100,endodermal sinus tumour,34:29.9,34:29.9
2312,186,C6443100,yolk sac tumour,34:29.9,34:29.9
2313,186,C6443100,yolk sack tumor,34:29.9,34:29.9
2314,186,C6443100,teilum tumour,34:29.9,34:29.9
2448,216,C3242000,myeloma plasma cell,34:31.6,34:31.6
2449,216,C3242000,myeloma multiple,34:31.6,34:31.6
2450,216,C3242000,myeloma plasma-cell,34:31.6,34:31.6
2451,216,C3242000,plasma-cell myeloma,34:31.6,34:31.6
2452,216,C3242000,kahler-bozzolo disease,34:31.6,34:31.6
2453,216,C3242000,plasmacytic myeloma,34:31.6,34:31.6
2454,216,C3242000,plasma cell neoplasms,34:31.6,34:31.6
2455,216,C3242000,plasma-cell myelomas,34:31.6,34:31.6
2456,216,C3242000,kahler disease,34:31.6,34:31.6
2457,216,C3242000,multiple myelomas,34:31.6,34:31.6
2605,248,C3088000,haemangiosarcoma,34:33.6,34:33.6
2606,248,C3088000,malignant hemangioendothelioma,34:33.6,34:33.6
2607,248,C3088000,malignant haemangioendothelioma,34:33.6,34:33.6
2612,185,C3752000,embryonal cancer,34:33.8,34:33.8
2613,185,C3752000,embryonal ca,34:33.8,34:33.8
2732,293,C4290000,mmgct,34:35.6,34:35.6
2733,293,C4290000,malignant mixed germ cell tumor,34:35.6,34:35.6
2734,293,C4290000,malignant mixed germ cell tumour,34:35.6,34:35.6
2735,293,C4290000,mixed germ cell tumour,34:35.6,34:35.6
2736,293,C4290000,mmgct - malignant mixed germ cell tumor,34:35.6,34:35.6
2737,293,C4290000,combined germ cell tumour,34:35.6,34:35.6
2738,293,C4290000,germ cells mixed neoplasm,34:35.6,34:35.6
2739,293,C4290000,mgct - mixed germ cell tumor,34:35.6,34:35.6
2740,293,C4290000,mixed germ cell neoplasm,34:35.6,34:35.6
2741,293,C4290000,mixed neoplasm of germ cells,34:35.6,34:35.6
2742,293,C4290000,combined germ cell tumor,34:35.6,34:35.6
2743,293,C4290000,mixed neoplasm arising from the germ cells,34:35.6,34:35.6
2744,293,C4290000,mgct,34:35.6,34:35.6
2745,293,C4290000,germ cells mixed tumour,34:35.6,34:35.6
2746,293,C4290000,mixed neoplasm arising in the germ cells,34:35.7,34:35.7
2747,293,C4290000,germ cells mixed tumor,34:35.7,34:35.7
2748,293,C4290000,combined germ cell neoplasm,34:35.7,34:35.7
2749,293,C4290000,mixed neoplasm of the germ cells,34:35.7,34:35.7
2781,317,C3789000,olfactory esthesioneuroblastoma,34:36.4,34:36.4
2978,304,C4327000,central nervous system medulloepithelioma,34:38.7,34:38.7
2979,313,C9397100,chondroid sarcoma,34:38.8,34:38.8
2980,313,C9397100,chondroma sarcomatosum,34:38.8,34:38.8
3020,353,C9341000,neuroepithelioma,34:39.5,34:39.5
3021,353,C9341000,peripheral pnet,34:39.5,34:39.5
3022,353,C9341000,peripheral neuroectodermal tumour,34:39.5,34:39.5
3023,353,C9341000,ppnet - peripheral primitive neuroectodermal tumor,34:39.5,34:39.5
3024,353,C9341000,peripheral primitive neuroectodermal neoplasm,34:39.5,34:39.5
3025,353,C9341000,peripheral neuroepithelioma,34:39.5,34:39.5
3026,353,C9341000,peripheral primitive neuroectodermal tumors,34:39.5,34:39.5
3027,353,C9341000,peripheral neuroectodermal neoplasm,34:39.5,34:39.5
3028,353,C9341000,peripheral primitive neuroectodermal tumour,34:39.5,34:39.5
3029,353,C9341000,peripheral primitive neuroectodermal tumours,34:39.5,34:39.5
3030,353,C9341000,ppnet - peripheral primitive neuroectodermal tumour,34:39.5,34:39.5
3419,419,C3520000,extramedullary myeloid neoplasm,34:44.1,34:44.1
3420,419,C3520000,extramedullary myeloid tumour,34:44.1,34:44.1
3421,419,C3520000,extramedullary myeloid tumor,34:44.1,34:44.1
3958,463,C3750000,asps - alveolar soft part sarcoma,34:49.0,34:49.0
3959,463,C3750000,soft tissue alveolar sarcoma,34:49.0,34:49.0
3960,463,C3750000,alveolar soft-part sarcoma,34:49.0,34:49.0
3961,463,C3750000,alveolar soft parts sarcoma,34:49.1,34:49.1
3962,463,C3750000,alveolar soft tissue sarcoma,34:49.1,34:49.1
4722,548,C6890000,diffuse meningeal melanocytosis,34:57.1,34:57.1
4723,548,C6890000,diffuse melanosis,34:57.1,34:57.1
4724,549,C4662000,melanocytoma arising in meninges,34:57.1,34:57.1
4725,549,C4662000,melanocytoma arising in the meninges,34:57.1,34:57.1
4726,549,C4662000,melanocytoma involving meninges,34:57.1,34:57.1
4727,549,C4662000,melanocytoma involving the meninges,34:57.1,34:57.1
4728,549,C4662000,meninges with melanocytoma,34:57.2,34:57.2
4729,549,C4662000,meninges melanocytoma,34:57.2,34:57.2
4730,549,C4662000,leptomeningeal melanocytoma,34:57.2,34:57.2
4731,549,C4662000,melanocytoma of meninges,34:57.2,34:57.2
4732,549,C4662000,melanocytoma arising from meninges,34:57.2,34:57.2
4733,549,C4662000,melanocytoma of the meninges,34:57.2,34:57.2
4734,549,C4662000,melanocytoma arising from the meninges,34:57.2,34:57.2
4735,550,C6891000,melanomatosis of meninges,34:57.2,34:57.2
4736,550,C6891000,melanomatosis arising from meninges,34:57.2,34:57.2
4737,550,C6891000,melanomatosis of the meninges,34:57.3,34:57.3
4738,550,C6891000,melanomatosis arising in meninges,34:57.3,34:57.3
4739,550,C6891000,meninges with melanomatosis,34:57.3,34:57.3
4740,550,C6891000,melanomatosis involving meninges,34:57.3,34:57.3
4741,550,C6891000,leptomeningeal melanomatosis,34:57.3,34:57.3
4742,553,C6894100,solitary fibrous tumour,34:57.4,34:57.4
4743,553,C6894100,solitary fibrous neoplasm,34:57.4,34:57.4
4747,564,C3801000,haemangioblastoma,34:57.6,34:57.6
4748,568,C3230100,tumour of the meningothelial cells,34:57.7,34:57.7
4749,568,C3230100,tumour of meningothelial cells,34:57.7,34:57.7
4750,568,C3230100,tumor of meningothelial cells,34:57.7,34:57.7
4751,568,C3230100,tumor of the meningothelial cells,34:57.7,34:57.7
4752,568,C3230100,meningotheliomatous meningioma,34:57.7,34:57.7
4753,568,C3230100,meningothelial cell neoplasm,34:57.7,34:57.7
4754,569,C3230200,myxomatous meningeal tumor,34:57.7,34:57.7
4755,569,C3230200,myxomatous meningeal tumour,34:57.7,34:57.7
4795,581,C4318000,astrocytosis cerebri,34:58.3,34:58.3
4796,583,C3795000,who grade 1 ependymal tumour,34:58.3,34:58.3
4797,583,C3795000,who grade 1 ependymal neoplasm,34:58.3,34:58.3
4798,583,C3795000,who grade i ependymal tumor,34:58.3,34:58.3
4799,583,C3795000,who grade i ependymal tumour,34:58.3,34:58.3
4800,583,C3795000,who grade i ependymal neoplasm,34:58.3,34:58.3
4801,583,C3795000,who grade 1 ependymal tumor,34:58.4,34:58.4
4802,567,C3230700,meningioma anaplastic,34:58.5,34:58.5
4803,567,C3230700,anaplastic malignant meningioma,34:58.5,34:58.5
4804,556,C3733000,angiolipoma neoplasms,34:58.6,34:58.6
4805,556,C3733000,angiolipomatous neoplasm,34:58.6,34:58.6
4806,556,C3733000,angiolipoma of the buccal mucosa,34:58.6,34:58.6
4807,556,C3733000,angiolipomatous neoplasms,34:58.6,34:58.6
4808,590,C9477000,grade iii astrocytic neoplasm,34:58.6,34:58.6
4809,590,C9477000,astrocytoma anaplastic type,34:58.6,34:58.6
4810,590,C9477000,malignant astrocytoma,34:58.6,34:58.6
4811,590,C9477000,grade 3 astrocytic tumour,34:58.6,34:58.6
4812,590,C9477000,anaplastic astrocytic tumor,34:58.6,34:58.6
4813,590,C9477000,grade iii astrocytic tumour,34:58.6,34:58.6
4814,590,C9477000,grade 3 astrocytic tumor,34:58.7,34:58.7
4815,590,C9477000,anaplastic astrocytic neoplasm,34:58.7,34:58.7
4816,590,C9477000,astrocytoma anaplastic,34:58.7,34:58.7
4817,590,C9477000,grade iii astrocytoma,34:58.7,34:58.7
4818,590,C9477000,anaplastic astrocytic tumour,34:58.7,34:58.7
4819,590,C9477000,grade iii astrocytic tumor,34:58.7,34:58.7
4820,590,C9477000,grade 3 astrocytoma,34:58.7,34:58.7
4821,590,C9477000,grade 3 astrocytic neoplasm,34:58.7,34:58.7
4822,558,C3403000,teratoid tumours,34:58.7,34:58.7
4823,558,C3403000,teratoid tumors,34:58.7,34:58.7
4824,558,C3403000,teratoid tumour,34:58.7,34:58.7
4825,558,C3403000,teratoid tumor,34:58.8,34:58.8
4826,577,C3308000,neoplasm of paraganglion,34:58.8,34:58.8
4827,577,C3308000,tumour arising in paraganglion,34:58.8,34:58.8
4828,577,C3308000,paraganglion with tumor,34:58.9,34:58.9
4829,577,C3308000,paraganglion with tumour,34:58.9,34:58.9
4830,577,C3308000,tumor arising in paraganglion,34:58.9,34:58.9
4831,577,C3308000,neoplasm involving paraganglion,34:58.9,34:58.9
4832,577,C3308000,paraganglion neoplasm,34:58.9,34:58.9
4833,577,C3308000,paraganglionic neoplasm,34:58.9,34:58.9
4834,577,C3308000,tumor arising from paraganglion,34:58.9,34:58.9
4835,577,C3308000,neoplasm of the paraganglion,34:58.9,34:58.9
4836,577,C3308000,neoplasm arising from paraganglion,34:58.9,34:58.9
4837,577,C3308000,neoplasm arising in the paraganglion,34:58.9,34:58.9
4838,577,C3308000,neoplasm arising in paraganglion,34:58.9,34:58.9
4839,577,C3308000,paraganglion tumour,34:58.9,34:58.9
4840,577,C3308000,tumour arising from paraganglion,34:58.9,34:58.9
4841,577,C3308000,tumour of the paraganglion,34:58.9,34:58.9
4842,577,C3308000,tumor of the paraganglion,34:58.9,34:58.9
4843,577,C3308000,tumor arising in the paraganglion,34:58.9,34:58.9
4844,577,C3308000,tumour of paraganglion,34:58.9,34:58.9
4845,577,C3308000,tumor involving the paraganglion,34:58.9,34:58.9
4846,577,C3308000,paraganglion tumor,34:58.9,34:58.9
4847,577,C3308000,tumour arising from the paraganglion,34:58.9,34:58.9
4848,577,C3308000,tumor involving paraganglion,34:59.0,34:59.0
4849,577,C3308000,neoplasm involving the paraganglion,34:59.0,34:59.0
4850,577,C3308000,paraganglion neoplasms,34:59.0,34:59.0
4851,577,C3308000,neoplasm arising from the paraganglion,34:59.0,34:59.0
4852,577,C3308000,tumor arising from the paraganglion,34:59.0,34:59.0
4853,577,C3308000,paraganglionic tumour,34:59.0,34:59.0
4854,577,C3308000,tumour involving paraganglion,34:59.0,34:59.0
4855,577,C3308000,tumour involving the paraganglion,34:59.0,34:59.0
4856,577,C3308000,paraganglion with neoplasm,34:59.0,34:59.0
4857,577,C3308000,tumor of paraganglion,34:59.0,34:59.0
4858,577,C3308000,tumour arising in the paraganglion,34:59.0,34:59.0
4859,577,C3308000,paraganglionic tumor,34:59.0,34:59.0
4860,563,C3087000,haemangiopericytoma,34:59.1,34:59.1
4861,560,C3085000,blood vessel tumour,34:59.1,34:59.1
4862,560,C3085000,neoplasm vascular,34:59.1,34:59.1
4863,560,C3085000,tumours vascular,34:59.1,34:59.1
4864,560,C3085000,tumour vascular,34:59.1,34:59.1
4865,560,C3085000,tumor vascular,34:59.1,34:59.1
4866,560,C3085000,blood vessel neoplasm,34:59.2,34:59.2
4867,560,C3085000,hemangiomatous tumour,34:59.2,34:59.2
4868,560,C3085000,blood vessel tumours,34:59.2,34:59.2
4869,560,C3085000,hemangiomatous tumor,34:59.2,34:59.2
4870,560,C3085000,haemangiomatous tumor,34:59.2,34:59.2
4871,560,C3085000,blood vessel tumor,34:59.2,34:59.2
4872,560,C3085000,neoplasm of the blood vessel,34:59.2,34:59.2
4873,560,C3085000,tumors vascular,34:59.2,34:59.2
4874,560,C3085000,benign haemangioma,34:59.2,34:59.2
4875,560,C3085000,neoplasm of blood vessel,34:59.2,34:59.2
4876,560,C3085000,haemangioma,34:59.2,34:59.2
4877,560,C3085000,haemangiomatous tumour,34:59.2,34:59.2
4878,560,C3085000,benign angioma,34:59.2,34:59.2
4879,560,C3085000,neoplasms vascular,34:59.2,34:59.2
4880,560,C3085000,blood vessel tumors,34:59.2,34:59.2
4881,560,C3085000,benign hemangioma,34:59.2,34:59.2
4882,589,C6958000,astrocytic tumor,34:59.3,34:59.3
4883,589,C6958000,astrocytic tumour,34:59.3,34:59.3
4884,589,C6958000,astrocytomas,34:59.3,34:59.3
4885,589,C6958000,astrocytic neoplasm,34:59.3,34:59.3
4886,591,C4320000,protoplasmic astrocytic tumour,34:59.3,34:59.3
4887,591,C4320000,protoplasmic astrocytic neoplasm,34:59.3,34:59.3
4888,591,C4320000,protoplasmic astrocytic tumor,34:59.3,34:59.3
4889,592,C4321000,gemistocytic astrocytic tumor,34:59.4,34:59.4
4890,592,C4321000,gemistocytic astrocytic neoplasm,34:59.4,34:59.4
4891,592,C4321000,gemistocytic astrocytic tumour,34:59.4,34:59.4
4892,593,C9476000,desmoplastic astrocytoma involving the infancy,34:59.4,34:59.4
4893,593,C9476000,desmoplastic astrocytoma arising in the infancy,34:59.4,34:59.4
4894,593,C9476000,desmoplastic astrocytoma arising from infancy,34:59.4,34:59.4
4895,593,C9476000,desmoplastic astrocytoma of the infancy,34:59.4,34:59.4
4896,593,C9476000,desmoplastic astrocytoma arising in infancy,34:59.5,34:59.5
4897,593,C9476000,desmoplastic astrocytoma arising from the infancy,34:59.5,34:59.5
4898,593,C9476000,desmoplastic astrocytoma of infancy,34:59.5,34:59.5
4899,593,C9476000,desmoplastic astrocytoma involving infancy,34:59.5,34:59.5
4900,593,C9476000,infancy with desmoplastic astrocytoma,34:59.5,34:59.5
4901,593,C9476000,infantile desmoplastic astrocytoma,34:59.5,34:59.5
4902,594,C9505000,dnet - dysembryoplastic neuroepithelial tumour,34:59.5,34:59.5
4903,594,C9505000,dysembryoplastic neuroepithelial neoplasm,34:59.5,34:59.5
4904,594,C9505000,dnt - dysembryoplastic neuroepithelial tumour,34:59.6,34:59.6
4905,594,C9505000,dnet,34:59.6,34:59.6
4906,594,C9505000,dnet - dysembryoplastic neuroepithelial tumor,34:59.6,34:59.6
4907,594,C9505000,dnt - dysembryoplastic neuroepithelial tumor,34:59.6,34:59.6
4908,594,C9505000,dysembryoplastic neuroepithelial tumour,34:59.6,34:59.6
4909,595,C4322000,fibrillary astrocytic neoplasm,34:59.6,34:59.6
4910,595,C4322000,fibrillary astrocytic tumors,34:59.6,34:59.6
4911,595,C4322000,fibrillary astrocytic tumours,34:59.6,34:59.6
4912,595,C4322000,fibrillary astrocytic neoplasms,34:59.6,34:59.6
4913,595,C4322000,fibrillary astrocytic tumour,34:59.9,34:59.9
4914,595,C4322000,fibrillary astrocytic tumor,34:59.9,34:59.9
4915,596,C4047000,grade 1 astrocytoma,34:59.9,34:59.9
4916,596,C4047000,grade i astrocytic tumor,34:59.9,34:59.9
4917,596,C4047000,grade i astrocytic tumour,34:59.9,34:59.9
4918,596,C4047000,grade 1 astrocytic tumour,34:59.9,34:59.9
4919,596,C4047000,grade i astrocytic neoplasm,34:59.9,34:59.9
4920,596,C4047000,grade 1 astrocytic tumor,35:00.0,35:00.0
4921,596,C4047000,grade i astrocytoma,35:00.0,35:00.0
4922,596,C4047000,grade 1 astrocytic neoplasm,35:00.0,35:00.0
4923,599,C4323000,pxa - pleomorphic xanthoastrocytoma,35:00.0,35:00.0
4924,599,C4323000,glioneuronal tumor with prominent glioproliferative changes,35:00.0,35:00.0
4925,599,C4323000,pleomorphic xantho-astrocytoma,35:00.1,35:00.1
4926,604,C3796000,glioblastoma with a sarcomatous component,35:00.2,35:00.2
4927,609,C9341400,primitive neuroectodermal tumour,35:00.4,35:00.4
4928,609,C9341400,primitive neuroectodermal neoplasm,35:00.4,35:00.4
4929,613,C3808000,malignant rhabdoid tumour,35:00.5,35:00.5
4930,613,C3808000,rhabdoid sarcoma,35:00.5,35:00.5
4931,613,C3808000,rhabdoid neoplasm,35:00.5,35:00.5
4933,613,C3808000,mrt - malignant rhabdoid tumour,35:00.5,35:00.5
4934,613,C3808000,rhabdoid tumor,35:00.5,35:00.5
4935,613,C3808000,atypical teratoid/rhabdoid tumour,35:00.5,35:00.5
4936,613,C3808000,rhabdoid tumour,35:00.5,35:00.5
5444,677,C4010000,adult rathke pouch neoplasm,35:05.5,35:05.5
5445,677,C4010000,adult craniopharyngioma,35:05.5,35:05.5
5446,677,C4010000,adult rathke pouch tumor,35:05.5,35:05.5
5447,677,C4010000,adult rathke pouch tumour,35:05.5,35:05.5
5448,678,C4726000,adamantinous rathke pouch neoplasm,35:05.6,35:05.6
5449,678,C4726000,rathke pouch adamantinous tumor,35:05.6,35:05.6
5450,678,C4726000,rathke pouch with adamantinous neoplasm,35:05.6,35:05.6
5451,678,C4726000,adamantinous tumor involving the rathke pouch,35:05.6,35:05.6
5452,678,C4726000,adamantinous neoplasm arising from the rathke pouch,35:05.6,35:05.6
5453,678,C4726000,adamantinous tumor arising in rathke pouch,35:05.6,35:05.6
5454,678,C4726000,adamantinous tumor of the rathke pouch,35:05.6,35:05.6
5455,678,C4726000,adamantinous neoplasm arising in the rathke pouch,35:05.6,35:05.6
5456,678,C4726000,adamantinous tumour arising from rathke pouch,35:05.6,35:05.6
5457,678,C4726000,adamantinous neoplasm of rathke pouch,35:05.6,35:05.6
5458,678,C4726000,rathke pouch with adamantinous tumor,35:05.6,35:05.6
5459,678,C4726000,rathke pouch with adamantinous tumour,35:05.6,35:05.6
5460,678,C4726000,adamantinous tumour of rathke pouch,35:05.6,35:05.6
5461,678,C4726000,adamantinous neoplasm of the rathke pouch,35:05.6,35:05.6
5462,678,C4726000,adamantinous neoplasm involving rathke pouch,35:05.6,35:05.6
5463,678,C4726000,adamantinous tumor arising from rathke pouch,35:05.6,35:05.6
5464,678,C4726000,adamantinous tumor arising in the rathke pouch,35:05.6,35:05.6
5465,678,C4726000,adamantinous neoplasm arising from rathke pouch,35:05.7,35:05.7
5466,678,C4726000,rathke pouch adamantinous tumour,35:05.7,35:05.7
5467,678,C4726000,adamantinous tumour of the rathke pouch,35:05.7,35:05.7
5468,678,C4726000,adamantinous tumour arising in the rathke pouch,35:05.7,35:05.7
5469,678,C4726000,adamantinous tumor of rathke pouch,35:05.7,35:05.7
5470,678,C4726000,adamantinous neoplasm involving the rathke pouch,35:05.7,35:05.7
5471,678,C4726000,rathke pouch adamantinous neoplasm,35:05.7,35:05.7
5472,678,C4726000,adamantinous craniopharyngioma,35:05.7,35:05.7
5473,678,C4726000,adamantinous tumour arising in rathke pouch,35:05.7,35:05.7
5474,678,C4726000,adamantinous tumour arising from the rathke pouch,35:05.7,35:05.7
5475,678,C4726000,adamantinous tumour involving rathke pouch,35:05.7,35:05.7
5476,678,C4726000,adamantinous tumor arising from the rathke pouch,35:05.7,35:05.7
5477,678,C4726000,adamantinous neoplasm arising in rathke pouch,35:05.7,35:05.7
5478,678,C4726000,adamantinous tumour involving the rathke pouch,35:05.7,35:05.7
5479,678,C4726000,adamantinous rathke pouch tumour,35:05.7,35:05.7
5480,678,C4726000,adamantinous rathke pouch tumor,35:05.7,35:05.7
5481,678,C4726000,adamantinous tumor involving rathke pouch,35:05.7,35:05.7
5482,679,C4725000,papillary neoplasm of rathke pouch,35:05.8,35:05.8
5483,679,C4725000,papillary neoplasm involving rathke pouch,35:05.8,35:05.8
5484,679,C4725000,papillary tumor arising in rathke pouch,35:05.8,35:05.8
5485,679,C4725000,papillary tumor arising from rathke pouch,35:05.8,35:05.8
5486,679,C4725000,papillary tumor arising in the rathke pouch,35:05.8,35:05.8
5487,679,C4725000,papillary tumour of rathke pouch,35:05.8,35:05.8
5488,679,C4725000,papillary neoplasm arising in rathke pouch,35:05.8,35:05.8
5489,679,C4725000,papillary tumour arising in rathke pouch,35:06.1,35:06.1
5490,679,C4725000,rathke pouch with papillary tumor,35:06.1,35:06.1
5491,679,C4725000,papillary tumor involving rathke pouch,35:06.1,35:06.1
5492,679,C4725000,rathke pouch with papillary tumour,35:06.1,35:06.1
5493,679,C4725000,papillary rathke pouch tumor,35:06.1,35:06.1
5494,679,C4725000,rathke pouch papillary tumor,35:06.1,35:06.1
5495,679,C4725000,rathke pouch papillary tumour,35:06.1,35:06.1
5496,679,C4725000,papillary tumour involving the rathke pouch,35:06.1,35:06.1
5497,679,C4725000,papillary neoplasm arising from rathke pouch,35:06.1,35:06.1
5498,679,C4725000,papillary tumor of the rathke pouch,35:06.1,35:06.1
5499,679,C4725000,papillary neoplasm arising in the rathke pouch,35:06.1,35:06.1
5500,679,C4725000,papillary tumour arising from rathke pouch,35:06.2,35:06.2
5501,679,C4725000,papillary tumour of the rathke pouch,35:06.2,35:06.2
5502,679,C4725000,rathke pouch with papillary neoplasm,35:06.2,35:06.2
5503,679,C4725000,papillary tumour arising in the rathke pouch,35:06.2,35:06.2
5504,679,C4725000,papillary tumor involving the rathke pouch,35:06.2,35:06.2
5505,679,C4725000,papillary neoplasm arising from the rathke pouch,35:06.2,35:06.2
5506,679,C4725000,papillary rathke pouch neoplasm,35:06.2,35:06.2
5507,679,C4725000,papillary neoplasm of the rathke pouch,35:06.2,35:06.2
5508,679,C4725000,papillary tumour arising from the rathke pouch,35:06.2,35:06.2
5509,679,C4725000,papillary tumour involving rathke pouch,35:06.2,35:06.2
5510,679,C4725000,papillary neoplasm involving the rathke pouch,35:06.2,35:06.2
5511,679,C4725000,papillary tumor of rathke pouch,35:06.2,35:06.2
5512,679,C4725000,rathke pouch papillary neoplasm,35:06.2,35:06.2
5513,679,C4725000,papillary rathke pouch tumour,35:06.2,35:06.2
5514,679,C4725000,papillary tumor arising from the rathke pouch,35:06.2,35:06.2
5515,606,C3288000,well-differentiated oligodendroglial tumor,35:06.3,35:06.3
5516,606,C3288000,who grade ii oligodendroglial tumor,35:06.3,35:06.3
5517,606,C3288000,well-differentiated oligodendroglial neoplasm,35:06.3,35:06.3
5518,606,C3288000,well-differentiated oligodendroglial tumour,35:06.4,35:06.4
5519,606,C3288000,well-differentiated oligodendroglioma,35:06.4,35:06.4
5520,606,C3288000,who grade 2 oligodendroglial neoplasm,35:06.4,35:06.4
5521,606,C3288000,who grade 2 oligodendroglial tumour,35:06.4,35:06.4
5522,606,C3288000,who grade ii oligodendroglial tumour,35:06.4,35:06.4
5523,606,C3288000,who grade 2 oligodendroglial tumor,35:06.4,35:06.4
5524,606,C3288000,who grade ii oligodendroglial neoplasm,35:06.4,35:06.4
5525,607,C4326000,who grade iii oligodendroglial tumour,35:06.4,35:06.4
5526,607,C4326000,who grade 3 oligodendroglial neoplasm,35:06.4,35:06.4
5527,607,C4326000,malignant oligodendroglioma,35:06.4,35:06.4
5528,607,C4326000,who grade iii oligodendroglial neoplasm,35:06.5,35:06.5
5529,607,C4326000,who grade 3 oligodendroglial tumor,35:06.5,35:06.5
5530,607,C4326000,undifferentiated oligodendroglioma,35:06.5,35:06.5
5531,607,C4326000,who grade iii oligodendroglial tumor,35:06.5,35:06.5
5532,607,C4326000,who grade 3 oligodendroglial tumour,35:06.5,35:06.5
5533,627,C3222000,medulloblastomas,35:06.5,35:06.5
5534,634,C3157000,fibroid,35:06.6,35:06.6
5535,634,C3157000,leiomyomas,35:06.6,35:06.6
5536,634,C3157000,leiomyomatous tumor,35:06.6,35:06.6
5537,634,C3157000,fibroid tumor,35:06.6,35:06.6
5538,634,C3157000,fibroid tumour,35:06.6,35:06.6
5539,634,C3157000,fibroid neoplasm,35:06.6,35:06.6
5540,634,C3157000,leiomyomata,35:06.6,35:06.6
5541,634,C3157000,leiomyomatous neoplasm,35:06.6,35:06.6
5542,634,C3157000,leiomyomatous tumour,35:06.6,35:06.6
5543,601,C3058000,grade 4 astrocytoma,35:06.7,35:06.7
5544,601,C3058000,grade iv astrocytoma,35:06.7,35:06.7
5545,601,C3058000,grade 4 astrocytic tumour,35:06.7,35:06.7
5546,601,C3058000,grade 4 astrocytic tumor,35:06.7,35:06.7
5547,601,C3058000,grade 4 astrocytic neoplasm,35:06.7,35:06.7
5548,601,C3058000,grade iv astrocytic neoplasm,35:06.7,35:06.7
5549,601,C3058000,gbm - glioblastoma multiforme,35:06.7,35:06.7
5550,601,C3058000,grade iv astrocytic tumor,35:06.7,35:06.7
5551,601,C3058000,grade iv astrocytic tumour,35:06.7,35:06.7
5552,623,C3698000,papilloma involving the choroid plexus,35:06.8,35:06.8
5553,623,C3698000,papilloma arising in choroid plexus,35:06.8,35:06.8
5554,623,C3698000,papilloma arising in the choroid plexus,35:06.8,35:06.8
5555,623,C3698000,papilloma of choroid plexus,35:06.8,35:06.8
5556,623,C3698000,choroid plexus with papilloma,35:06.8,35:06.8
5557,623,C3698000,papilloma arising from choroid plexus,35:06.8,35:06.8
5558,623,C3698000,papilloma of the choroid plexus,35:06.8,35:06.8
5559,623,C3698000,papilloma arising from the choroid plexus,35:06.8,35:06.8
5560,623,C3698000,papilloma involving choroid plexus,35:06.8,35:06.8
5561,625,C8382000,undifferentiated papilloma involving the choroid plexus,35:06.9,35:06.9
5562,625,C8382000,choroid plexus anaplastic papilloma,35:06.9,35:06.9
5563,625,C8382000,undifferentiated papilloma arising in the choroid plexus,35:06.9,35:06.9
5564,625,C8382000,anaplastic papilloma arising from choroid plexus,35:06.9,35:06.9
5565,625,C8382000,anaplastic papilloma arising in choroid plexus,35:06.9,35:06.9
5566,625,C8382000,undifferentiated papilloma arising from choroid plexus,35:06.9,35:06.9
5567,625,C8382000,anaplastic papilloma of choroid plexus,35:06.9,35:06.9
5568,625,C8382000,undifferentiated papilloma arising in choroid plexus,35:06.9,35:06.9
5569,625,C8382000,anaplastic papilloma involving choroid plexus,35:06.9,35:06.9
5570,625,C8382000,anaplastic papilloma arising from the choroid plexus,35:06.9,35:06.9
5571,625,C8382000,undifferentiated papilloma of the choroid plexus,35:06.9,35:06.9
5572,625,C8382000,anaplastic papilloma arising in the choroid plexus,35:06.9,35:06.9
5573,625,C8382000,choroid plexus undifferentiated papilloma,35:06.9,35:06.9
5574,625,C8382000,undifferentiated choroid plexus papilloma,35:06.9,35:06.9
5575,625,C8382000,undifferentiated papilloma involving choroid plexus,35:06.9,35:06.9
5576,625,C8382000,anaplastic papilloma involving the choroid plexus,35:06.9,35:06.9
5577,625,C8382000,undifferentiated papilloma arising from the choroid plexus,35:06.9,35:06.9
5578,625,C8382000,choroid plexus with anaplastic papilloma,35:07.0,35:07.0
5579,625,C8382000,choroid plexus with undifferentiated papilloma,35:07.0,35:07.0
5580,625,C8382000,anaplastic papilloma of the choroid plexus,35:07.0,35:07.0
5581,625,C8382000,undifferentiated papilloma of choroid plexus,35:07.0,35:07.0
5582,682,C6966000,pinealocytoma,35:07.1,35:07.1
5583,682,C6966000,pinealocytomas,35:07.1,35:07.1
5584,682,C6966000,pinealomas,35:07.1,35:07.1
6032,817,C3702000,brown fat neoplasm,35:14.0,35:14.0
6033,817,C3702000,brown fat tumour,35:14.1,35:14.1
6579,925,C3740000,desmoplastic fibroma arising from the bone,35:21.3,35:21.3
6580,925,C3740000,desmoplastic fibroma involving the bone,35:21.3,35:21.3
6581,925,C3740000,osseous desmoplastic fibroma,35:21.3,35:21.3
6582,925,C3740000,desmoplastic fibroma arising in the bone,35:21.3,35:21.3
6583,925,C3740000,desmoplastic fibroma arising from bone,35:21.3,35:21.3
6584,925,C3740000,desmoplastic fibroma of bone,35:21.3,35:21.3
6585,925,C3740000,bone desmoplastic fibroma,35:21.3,35:21.3
6586,925,C3740000,desmoplastic fibroma arising in bone,35:21.3,35:21.3
6587,925,C3740000,bone with desmoplastic fibroma,35:21.3,35:21.3
6588,925,C3740000,desmoplastic fibroma involving bone,35:21.4,35:21.4
6589,925,C3740000,desmoplastic fibroma of the bone,35:21.4,35:21.4
6613,944,C8602000,benign mixed tumour of salivary gland,35:22.2,35:22.2
6614,944,C8602000,benign mixed tumor arising from salivary gland,35:22.2,35:22.2
6615,944,C8602000,adenoma pleomorphic,35:22.2,35:22.2
6616,944,C8602000,salivary gland tumor mixed type,35:22.2,35:22.2
6617,944,C8602000,benign mixed salivary tumour,35:22.2,35:22.2
6618,944,C8602000,mixed salivary gland tumor,35:22.2,35:22.2
6619,944,C8602000,benign mixed tumor,35:22.2,35:22.2
6620,944,C8602000,benign mixed tumor involving the salivary gland,35:22.2,35:22.2
6621,944,C8602000,benign mixed salivary gland neoplasm,35:22.2,35:22.2
6622,944,C8602000,benign mixed tumor of salivary gland,35:22.2,35:22.2
6623,944,C8602000,benign mixed tumour arising in salivary gland,35:22.2,35:22.2
6624,944,C8602000,mixed salivary gland tumour,35:22.2,35:22.2
6625,944,C8602000,salivary gland benign mixed tumor,35:22.2,35:22.2
6626,944,C8602000,benign mixed tumor arising from the salivary gland,35:22.2,35:22.2
6627,944,C8602000,mixed tumour salivary gland type,35:22.2,35:22.2
6628,944,C8602000,salivary gland tumour mixed type,35:22.2,35:22.2
6629,944,C8602000,benign mixed tumour involving the salivary gland,35:22.2,35:22.2
6630,944,C8602000,salivary gland benign mixed tumour,35:22.3,35:22.3
6631,944,C8602000,tumour salivary gland mixed type,35:22.3,35:22.3
6632,944,C8602000,benign mixed tumor arising in the salivary gland,35:22.3,35:22.3
6633,944,C8602000,mixed tumour,35:22.3,35:22.3
6634,944,C8602000,benign mixed salivary gland tumour,35:22.3,35:22.3
6635,944,C8602000,salivary gland tumour mixed,35:22.3,35:22.3
6636,944,C8602000,benign mixed salivary tumor,35:22.3,35:22.3
6637,944,C8602000,benign mixed tumour of the salivary gland,35:22.3,35:22.3
6638,944,C8602000,benign mixed tumour arising in the salivary gland,35:22.3,35:22.3
6639,944,C8602000,benign mixed tumour,35:22.3,35:22.3
6640,944,C8602000,benign mixed tumor arising in salivary gland,35:22.3,35:22.3
6641,944,C8602000,benign mixed tumour arising from the salivary gland,35:22.3,35:22.3
6642,944,C8602000,salivary gland pleomorphic adenoma,35:22.3,35:22.3
6643,944,C8602000,benign mixed tumour arising from salivary gland,35:22.3,35:22.3
6644,944,C8602000,benign mixed salivary gland tumor,35:22.3,35:22.3
6645,944,C8602000,benign mixed salivary neoplasm,35:22.3,35:22.3
6646,944,C8602000,benign mixed tumor of the salivary gland,35:22.3,35:22.3
6647,944,C8602000,salivary gland with benign mixed tumour,35:22.3,35:22.3
6648,944,C8602000,salivary gland with benign mixed tumor,35:22.3,35:22.3
6649,944,C8602000,tumor salivary gland mixed type,35:22.4,35:22.4
6650,944,C8602000,benign mixed tumour involving salivary gland,35:22.4,35:22.4
6651,944,C8602000,mixed tumor salivary gland type,35:22.4,35:22.4
6652,944,C8602000,salivary gland tumor mixed,35:22.4,35:22.4
6653,944,C8602000,benign mixed tumor involving salivary gland,35:22.4,35:22.4
6804,1007,C3295000,osseous chondroma,35:25.5,35:25.5
6805,1007,C3295000,chondroma of bone,35:25.5,35:25.5
6806,1007,C3295000,chondroma involving the bone,35:25.5,35:25.5
6807,1007,C3295000,chondroma arising in bone,35:25.5,35:25.5
6808,1007,C3295000,chondroma of the bone,35:25.5,35:25.5
6809,1007,C3295000,bone chondroma,35:25.5,35:25.5
6810,1007,C3295000,chondroma arising in the bone,35:25.5,35:25.5
6811,1007,C3295000,chondroma arising from the bone,35:25.5,35:25.5
6812,1007,C3295000,chondroma involving bone,35:25.5,35:25.5
6813,1007,C3295000,solitary osteochondroma,35:25.5,35:25.5
6814,1007,C3295000,bone with chondroma,35:25.5,35:25.5
6815,1007,C3295000,chondroma arising from bone,35:25.5,35:25.5
6941,1049,C7063000,notochordal tumor,35:27.6,35:27.6
6942,1049,C7063000,notochordal neoplasm,35:27.6,35:27.6
6943,1049,C7063000,notochordal tumour,35:27.6,35:27.6
6944,1049,C7063000,notochordal cell tumour,35:27.6,35:27.6
6945,1049,C7063000,notochordal cell tumor,35:27.6,35:27.6
6946,1050,C8501000,glioma of brainstem,35:27.6,35:27.6
6947,1050,C8501000,glioma arising in the brainstem,35:27.6,35:27.6
6948,1050,C8501000,glioma arising from the brain stem,35:27.6,35:27.6
6949,1050,C8501000,glioma arising in the brain stem,35:27.6,35:27.6
6950,1050,C8501000,brain stem neuroglial tumor,35:27.6,35:27.6
6951,1050,C8501000,glioma arising from the brainstem,35:27.6,35:27.6
6952,1050,C8501000,brainstem neuroglial neoplasm,35:27.7,35:27.7
6953,1050,C8501000,glioma arising in brain stem,35:27.7,35:27.7
6954,1050,C8501000,glioma of brain stem,35:27.7,35:27.7
6955,1050,C8501000,brainstem neuroglial tumour,35:27.7,35:27.7
6956,1050,C8501000,glioma arising from brainstem,35:27.7,35:27.7
6957,1050,C8501000,glioma of the brainstem,35:27.7,35:27.7
6958,1050,C8501000,glioma of the brain stem,35:27.7,35:27.7
6959,1050,C8501000,glioma involving brainstem,35:27.7,35:27.7
6960,1050,C8501000,glioma involving brain stem,35:27.7,35:27.7
6961,1050,C8501000,brainstem neuroglial tumor,35:27.7,35:27.7
6962,1050,C8501000,brain stem neuroglial tumour,35:27.7,35:27.7
6963,1050,C8501000,glioma involving the brain stem,35:27.7,35:27.7
6964,1050,C8501000,glioma arising from brain stem,35:27.7,35:27.7
6965,1050,C8501000,glioma arising in brainstem,35:27.7,35:27.7
6966,1050,C8501000,brain stem neuroglial neoplasm,35:27.7,35:27.7
6967,1050,C8501000,brain stem glioma,35:27.7,35:27.7
6968,1050,C8501000,brainstem with glioma,35:27.7,35:27.7
6969,1050,C8501000,brain stem with glioma,35:27.7,35:27.7
6970,1050,C8501000,glioma involving the brainstem,35:27.7,35:27.7
6971,1054,C3059000,tumour arising in neuroglia,35:27.9,35:27.9
6972,1054,C3059000,neoplasm arising from neuroglia,35:27.9,35:27.9
6973,1054,C3059000,neuroglial tumour,35:27.9,35:27.9
6974,1054,C3059000,tumors involving neuroglia,35:27.9,35:27.9
6975,1054,C3059000,glial tumors,35:27.9,35:27.9
6976,1054,C3059000,tumours involving neuroglia,35:27.9,35:27.9
6977,1054,C3059000,tumors of the neuroglia,35:27.9,35:27.9
6978,1054,C3059000,tumour arising from neuroglia,35:27.9,35:27.9
6979,1054,C3059000,neoplasms of neuroglia,35:27.9,35:27.9
6980,1054,C3059000,tumours of neuroglia,35:27.9,35:27.9
6981,1054,C3059000,neuroglia tumors,35:27.9,35:27.9
6982,1054,C3059000,tumor involving neuroglia,35:27.9,35:27.9
6983,1054,C3059000,neoplasm involving the neuroglia,35:27.9,35:27.9
6984,1054,C3059000,neoplasm of neuroglia,35:27.9,35:27.9
6985,1054,C3059000,tumour arising in the neuroglia,35:27.9,35:27.9
6986,1054,C3059000,tumors arising in neuroglia,35:28.0,35:28.0
6987,1054,C3059000,tumours of the neuroglia,35:28.0,35:28.0
6988,1054,C3059000,glial tumour,35:28.0,35:28.0
6989,1054,C3059000,glial neoplasm,35:28.0,35:28.0
6990,1054,C3059000,neuroglia with neoplasm,35:28.0,35:28.0
6991,1054,C3059000,tumours involving the neuroglia,35:28.0,35:28.0
6992,1054,C3059000,tumour involving the neuroglia,35:28.0,35:28.0
6993,1054,C3059000,tumor arising from the neuroglia,35:28.0,35:28.0
6994,1054,C3059000,neoplasms arising in neuroglia,35:28.0,35:28.0
6995,1054,C3059000,tumours arising from the neuroglia,35:28.0,35:28.0
6996,1054,C3059000,tumor involving the neuroglia,35:28.0,35:28.0
6997,1054,C3059000,neuroglia with tumours,35:28.0,35:28.0
6998,1054,C3059000,tumours arising in neuroglia,35:28.0,35:28.0
6999,1054,C3059000,neuroglia tumour,35:28.0,35:28.0
7000,1054,C3059000,neuroglia tumor,35:28.0,35:28.0
7001,1054,C3059000,tumors arising in the neuroglia,35:28.0,35:28.0
7002,1054,C3059000,neuroglia with tumors,35:28.0,35:28.0
7003,1054,C3059000,tumour of the neuroglia,35:28.0,35:28.0
7004,1054,C3059000,neuroglia neoplasms,35:28.0,35:28.0
7005,1054,C3059000,tumor of the neuroglia,35:28.1,35:28.1
7006,1054,C3059000,tumors of neuroglia,35:28.1,35:28.1
7007,1054,C3059000,neoplasm arising from the neuroglia,35:28.1,35:28.1
7008,1054,C3059000,neoplasms arising in the neuroglia,35:28.1,35:28.1
7009,1054,C3059000,neuroglia neoplasm,35:28.1,35:28.1
7010,1054,C3059000,neuroglia tumours,35:28.1,35:28.1
7011,1054,C3059000,tumor arising in the neuroglia,35:28.1,35:28.1
7012,1054,C3059000,tumor of neuroglia,35:28.1,35:28.1
7013,1054,C3059000,tumor arising from neuroglia,35:28.1,35:28.1
7014,1054,C3059000,neuroglial neoplasms,35:28.1,35:28.1
7015,1054,C3059000,tumors involving the neuroglia,35:28.1,35:28.1
7016,1054,C3059000,neoplasms arising from the neuroglia,35:28.1,35:28.1
7017,1054,C3059000,neuroglia with tumour,35:28.1,35:28.1
7018,1054,C3059000,neoplasm of the neuroglia,35:28.1,35:28.1
7019,1054,C3059000,neuroglial neoplasm,35:28.1,35:28.1
7020,1054,C3059000,tumour arising from the neuroglia,35:28.1,35:28.1
7021,1054,C3059000,tumours arising in the neuroglia,35:28.1,35:28.1
7022,1054,C3059000,neoplasms arising from neuroglia,35:28.1,35:28.1
7023,1054,C3059000,glial tumor,35:28.2,35:28.2
7024,1054,C3059000,neuroglia with neoplasms,35:28.2,35:28.2
7025,1054,C3059000,neoplasm arising in neuroglia,35:28.2,35:28.2
7026,1054,C3059000,tumors arising from the neuroglia,35:28.2,35:28.2
7027,1054,C3059000,tumour involving neuroglia,35:28.4,35:28.4
7028,1054,C3059000,tumours arising from neuroglia,35:28.5,35:28.5
7029,1054,C3059000,tumors arising from neuroglia,35:28.5,35:28.5
7030,1054,C3059000,tumour of neuroglia,35:28.5,35:28.5
7031,1054,C3059000,neuroglia with tumor,35:28.5,35:28.5
7032,1054,C3059000,neoplasms involving neuroglia,35:28.5,35:28.5
7033,1054,C3059000,neoplasm involving neuroglia,35:28.5,35:28.5
7034,1054,C3059000,glial tumours,35:28.5,35:28.5
7035,1054,C3059000,neoplasm arising in the neuroglia,35:28.5,35:28.5
7036,1054,C3059000,neoplasms of the neuroglia,35:28.5,35:28.5
7037,1054,C3059000,neoplasms involving the neuroglia,35:28.5,35:28.5
7038,1054,C3059000,neuroglial tumor,35:28.5,35:28.5
7039,1054,C3059000,tumor arising in neuroglia,35:28.5,35:28.5
7040,1058,C4537000,glioma of optic nerve,35:28.6,35:28.6
7041,1058,C4537000,glioma arising from optic nerve,35:28.6,35:28.6
7042,1058,C4537000,glioma arising in the optic nerve,35:28.6,35:28.6
7043,1058,C4537000,optic nerve with glioma,35:28.6,35:28.6
7044,1058,C4537000,glioma involving the optic nerve,35:28.7,35:28.7
7045,1058,C4537000,glioma arising in optic nerve,35:28.7,35:28.7
7046,1058,C4537000,glioma arising from the optic nerve,35:28.7,35:28.7
7047,1058,C4537000,glioma involving optic nerve,35:28.7,35:28.7
7048,1058,C4537000,glioma of the optic nerve,35:28.7,35:28.7
7049,1063,C4951100,diencephalic pilocytic astrocytoma,35:28.8,35:28.8
7050,1064,C6988000,who grade ii mixed glioma,35:28.9,35:28.9
7051,1064,C6988000,who grade 2 mixed glioma,35:28.9,35:28.9
7052,1065,C6959000,who grade iii mixed glioma,35:28.9,35:28.9
7053,1065,C6959000,who grade 3 mixed glioma,35:29.0,35:29.0
7054,1066,C6770000,ependymal neoplasms,35:29.0,35:29.0
7055,1066,C6770000,ependymal tumors,35:29.0,35:29.0
7056,1066,C6770000,ependymal tumour,35:29.0,35:29.0
7057,1066,C6770000,ependymal tumours,35:29.0,35:29.0
7058,1066,C6770000,ependymal neoplasm,35:29.0,35:29.0
7059,1066,C6770000,ependymal tumor,35:29.0,35:29.0
7060,1070,C4049000,ependymomas anaplastic,35:29.2,35:29.2
7061,1070,C4049000,who grade iii ependymal tumor,35:29.2,35:29.2
7062,1070,C4049000,malignant ependymoma,35:29.2,35:29.2
7063,1070,C4049000,who grade iii ependymal tumour,35:29.2,35:29.2
7064,1070,C4049000,undifferentiated ependymoma,35:29.2,35:29.2
7065,1070,C4049000,ependymoma anaplastic,35:29.2,35:29.2
7066,1070,C4049000,who grade iii ependymal neoplasm,35:29.2,35:29.2
7067,1070,C4049000,undifferentiated ependymal tumour,35:29.2,35:29.2
7068,1070,C4049000,anaplastic ependymal tumour,35:29.2,35:29.2
7069,1070,C4049000,who grade 3 ependymal tumor,35:29.2,35:29.2
7070,1070,C4049000,undifferentiated ependymal neoplasm,35:29.2,35:29.2
7071,1070,C4049000,anaplastic ependymomas,35:29.2,35:29.2
7072,1070,C4049000,ependymoma malignant,35:29.2,35:29.2
7073,1070,C4049000,undifferentiated ependymal tumor,35:29.2,35:29.2
7074,1070,C4049000,who grade 3 ependymal neoplasm,35:29.2,35:29.2
7075,1070,C4049000,who grade 3 ependymal tumour,35:29.2,35:29.2
7076,1070,C4049000,anaplastic ependymal tumor,35:29.2,35:29.2
7077,1070,C4049000,ependymoma anaplastic type,35:29.2,35:29.2
7078,1070,C4049000,anaplastic ependymal neoplasm,35:29.2,35:29.2
7079,1072,C4823000,neurocytoma arising in the central nervous system,35:29.3,35:29.3
7080,1072,C4823000,neurocytoma arising in central nervous system,35:29.3,35:29.3
7081,1072,C4823000,neurocytoma arising from central nervous system,35:29.3,35:29.3
7082,1072,C4823000,neurocytoma arising from the central nervous system,35:29.3,35:29.3
7083,1072,C4823000,cns with neurocytoma,35:29.3,35:29.3
7084,1072,C4823000,neurocytoma of the central nervous system,35:29.4,35:29.4
7085,1072,C4823000,central nervous system with neurocytoma,35:29.4,35:29.4
7086,1072,C4823000,neurocytoma of central nervous system,35:29.4,35:29.4
7087,1072,C4823000,neurocytoma arising from cns,35:29.4,35:29.4
7088,1072,C4823000,neurocytoma involving central nervous system,35:29.4,35:29.4
7089,1072,C4823000,central nervous system neurocytoma,35:29.4,35:29.4
7090,1072,C4823000,neurocytoma involving the central nervous system,35:29.4,35:29.4
7091,1072,C4823000,neurocytoma involving the cns,35:29.4,35:29.4
7092,1072,C4823000,neurocytoma arising in cns,35:29.4,35:29.4
7093,1072,C4823000,neurocytoma arising in the cns,35:29.4,35:29.4
7094,1072,C4823000,neurocytoma of the cns,35:29.4,35:29.4
7095,1072,C4823000,neurocytoma of cns,35:29.4,35:29.4
7096,1072,C4823000,neurocytoma arising from the cns,35:29.4,35:29.4
7097,1072,C4823000,neurocytoma involving cns,35:29.4,35:29.4
7098,1072,C4823000,cns neurocytoma,35:29.4,35:29.4
7105,1074,C6905000,neurolipocytoma,35:29.5,35:29.5
7107,1074,C6905000,lipomatous glioneurocytoma,35:29.5,35:29.5
7115,1074,C6905000,medullocytoma,35:29.6,35:29.6
7116,1075,C4747100,papillary glioneuronal variant of mixed neuronal-glial neoplasm,35:29.6,35:29.6
7117,1075,C4747100,papillary glioneuronal variant of the mixed neuronal-glial neoplasm,35:29.6,35:29.6
7118,1075,C4747100,mixed neuronal-glial neoplasm with papillary glioneuronal variant,35:29.6,35:29.6
7119,1075,C4747100,papillary glioneuronal neoplasm,35:29.7,35:29.7
7120,1075,C4747100,papillary glioneuronal variant involving mixed neuronal-glial neoplasm,35:29.7,35:29.7
7121,1075,C4747100,papillary glioneuronal variant arising in mixed neuronal-glial neoplasm,35:29.7,35:29.7
7122,1075,C4747100,pgnt - papillary glioneuronal tumour,35:29.7,35:29.7
7123,1075,C4747100,pgnt - papillary glioneuronal tumor,35:29.7,35:29.7
7124,1075,C4747100,papillary glioneuronal variant arising from mixed neuronal-glial neoplasm,35:29.7,35:29.7
7125,1075,C4747100,papillary glioneuronal tumor,35:29.7,35:29.7
7126,1077,C6967000,intermediate differentiation with pineal parenchymal neoplasm,35:29.8,35:29.8
7127,1077,C6967000,intermediate differentiation pineal parenchymal tumor,35:29.8,35:29.8
7128,1077,C6967000,pineal parenchymal tumour of intermediate differentiation,35:29.8,35:29.8
7129,1077,C6967000,intermediate differentiation pineal parenchymal tumour,35:29.8,35:29.8
7130,1078,C9344000,primitive neuroectodermal tumour involving the pineal gland,35:29.8,35:29.8
7131,1078,C9344000,primitive neuroectodermal tumour arising in pineal gland,35:29.9,35:29.9
7132,1078,C9344000,primitive neuroectodermal tumour arising from pineal gland,35:29.9,35:29.9
7133,1078,C9344000,primitive neuroectodermal tumour of pineal gland,35:29.9,35:29.9
7134,1078,C9344000,primitive neuroectodermal tumor involving the pineal gland,35:29.9,35:29.9
7135,1078,C9344000,pnet of pineal gland,35:29.9,35:29.9
7114,1072,C6905000,adults with medullocytoma,35:29.6,38:18.1
7101,1072,C6905000,cerebellar lipidized medulloblastoma,35:29.5,38:18.1
7102,1072,C6905000,cerebellum with lipidized medulloblastoma,35:29.5,38:18.2
7099,1072,C6905000,lipidized medulloblastoma,35:29.5,38:18.2
7100,1072,C6905000,lipidized medulloblastoma arising in adults,35:29.5,38:18.2
7104,1072,C6905000,lipidized medulloblastoma arising in cerebellum,35:29.5,38:18.2
7110,1072,C6905000,lipidized medulloblastoma involving cerebellum,35:29.6,38:18.2
7109,1072,C6905000,lipidized medulloblastoma of adults,35:29.5,38:18.2
7112,1072,C6905000,lipidized medulloblastoma of cerebellum,35:29.6,38:18.2
7106,1072,C6905000,lipidized medulloblastoma of the cerebellum,35:29.5,38:18.2
7113,1072,C6905000,medullocytoma arising in adults,35:29.6,38:18.3
7108,1072,C6905000,medullocytoma of adults,35:29.5,38:18.3
7136,1078,C9344000,pineal gland primitive neuroectodermal tumor,35:29.9,35:29.9
7137,1078,C9344000,pineal gland primitive neuroectodermal tumour,35:29.9,35:29.9
7138,1078,C9344000,pnet arising from pineal gland,35:29.9,35:29.9
7139,1078,C9344000,pnet of the pineal gland,35:29.9,35:29.9
7140,1078,C9344000,pnet involving pineal gland,35:29.9,35:29.9
7141,1078,C9344000,pnet arising in the pineal gland,35:29.9,35:29.9
7142,1078,C9344000,primitive neuroectodermal tumor of pineal gland,35:29.9,35:29.9
7143,1078,C9344000,pineal gland with pnet,35:29.9,35:29.9
7144,1078,C9344000,pineal primitive neuroectodermal tumour,35:29.9,35:29.9
7145,1078,C9344000,primitive neuroectodermal neoplasm arising in the pineal gland,35:29.9,35:29.9
7146,1078,C9344000,primitive neuroectodermal neoplasm of the pineal gland,35:29.9,35:29.9
7147,1078,C9344000,pineal gland primitive neuroectodermal neoplasm,35:29.9,35:29.9
7148,1078,C9344000,pineal primitive neuroectodermal neoplasm,35:29.9,35:29.9
7149,1078,C9344000,pineal gland with primitive neuroectodermal neoplasm,35:29.9,35:29.9
7150,1078,C9344000,primitive neuroectodermal tumour involving pineal gland,35:29.9,35:29.9
7151,1078,C9344000,pineal gland pnet,35:29.9,35:29.9
7152,1078,C9344000,primitive neuroectodermal neoplasm involving pineal gland,35:30.0,35:30.0
7153,1078,C9344000,primitive neuroectodermal neoplasm of pineal gland,35:30.0,35:30.0
7154,1078,C9344000,pineal gland with primitive neuroectodermal tumour,35:30.0,35:30.0
7155,1078,C9344000,primitive neuroectodermal tumour arising in the pineal gland,35:30.0,35:30.0
7156,1078,C9344000,primitive neuroectodermal tumor arising in the pineal gland,35:30.0,35:30.0
7157,1078,C9344000,primitive neuroectodermal neoplasm arising from the pineal gland,35:30.0,35:30.0
7300,1106,C3329100,pituitary spindle cell oncocytoma,35:31.9,35:31.9
7158,1078,C9344000,primitive neuroectodermal neoplasm arising in pineal gland,35:30.0,35:30.0
7159,1078,C9344000,primitive neuroectodermal tumor arising in pineal gland,35:30.0,35:30.0
7160,1078,C9344000,primitive neuroectodermal tumour arising from the pineal gland,35:30.0,35:30.0
7161,1078,C9344000,pinealoblastoma,35:30.0,35:30.0
7162,1078,C9344000,pinealblastoma,35:30.0,35:30.0
7163,1078,C9344000,pnet arising from the pineal gland,35:30.0,35:30.0
7164,1078,C9344000,primitive neuroectodermal neoplasm arising from pineal gland,35:30.0,35:30.0
7165,1078,C9344000,pineal pnet,35:30.0,35:30.0
7166,1078,C9344000,pnet involving the pineal gland,35:30.0,35:30.0
7167,1078,C9344000,pineal gland with primitive neuroectodermal tumor,35:30.0,35:30.0
7168,1078,C9344000,primitive neuroectodermal neoplasm involving the pineal gland,35:30.0,35:30.0
7169,1078,C9344000,primitive neuroectodermal tumor arising from pineal gland,35:30.0,35:30.0
7170,1078,C9344000,primitive neuroectodermal tumor involving pineal gland,35:30.0,35:30.0
7171,1078,C9344000,primitive neuroectodermal tumor arising from the pineal gland,35:30.1,35:30.1
7172,1078,C9344000,primitive neuroectodermal tumor of the pineal gland,35:30.1,35:30.1
7173,1078,C9344000,pnet arising in pineal gland,35:30.1,35:30.1
7174,1078,C9344000,pineal primitive neuroectodermal tumor,35:30.1,35:30.1
7175,1078,C9344000,primitive neuroectodermal tumour of the pineal gland,35:30.1,35:30.1
7176,1079,C3328100,papillary tumour of the pineal,35:30.1,35:30.1
7177,1079,C3328100,papillary tumour of pineal,35:30.1,35:30.1
7178,1090,C3797000,neuroma plexiform,35:30.6,35:30.6
7179,1090,C3797000,neurofibromas plexiform,35:30.6,35:30.6
7181,1091,C3798000,peripheral nerve sheath malignant neoplasm,35:30.6,35:30.6
7182,1091,C3798000,malignant peripheral nerve sheath tumor,35:30.6,35:30.6
7183,1091,C3798000,malignant tumour of peripheral nerve sheath,35:30.6,35:30.6
7184,1091,C3798000,malignant neoplasm arising in the peripheral nerve sheath,35:30.6,35:30.6
7185,1091,C3798000,malignancy involving peripheral nerve sheath,35:30.6,35:30.6
7186,1091,C3798000,malignancy arising from the peripheral nerve sheath,35:30.7,35:30.7
7187,1091,C3798000,mpnst - malignant peripheral nerve sheath tumor,35:30.7,35:30.7
7188,1091,C3798000,malignancy arising from peripheral nerve sheath,35:30.7,35:30.7
7189,1091,C3798000,malignant neurilemmoma,35:30.7,35:30.7
7190,1091,C3798000,malignant schwannoma,35:30.7,35:30.7
7191,1091,C3798000,malignant neoplasm of peripheral nerve sheath,35:30.7,35:30.7
7192,1091,C3798000,peripheral nerve sheath malignant tumour,35:30.7,35:30.7
7193,1091,C3798000,peripheral nerve sheath with malignant neoplasm,35:30.7,35:30.7
7194,1091,C3798000,peripheral nerve sheath with malignancy,35:30.7,35:30.7
7195,1091,C3798000,malignancy arising in the peripheral nerve sheath,35:30.7,35:30.7
7196,1091,C3798000,malignant neoplasm arising from the peripheral nerve sheath,35:30.7,35:30.7
7197,1091,C3798000,malignancy arising in peripheral nerve sheath,35:30.7,35:30.7
7198,1091,C3798000,malignant peripheral nerve sheath neoplasm,35:30.7,35:30.7
7199,1091,C3798000,malignant neoplasm arising in peripheral nerve sheath,35:30.7,35:30.7
7200,1091,C3798000,peripheral nerve sheath malignant tumor,35:30.7,35:30.7
7201,1091,C3798000,malignancy involving the peripheral nerve sheath,35:30.7,35:30.7
7202,1091,C3798000,malignant neoplasm involving the peripheral nerve sheath,35:30.7,35:30.7
7203,1091,C3798000,malignancy of the peripheral nerve sheath,35:30.7,35:30.7
7204,1091,C3798000,malignant neoplasm arising from peripheral nerve sheath,35:30.7,35:30.7
7205,1091,C3798000,malignant neoplasm of the peripheral nerve sheath,35:30.8,35:30.8
7206,1091,C3798000,malignant tumor of peripheral nerve sheath,35:30.8,35:30.8
7207,1091,C3798000,malignant neoplasm involving peripheral nerve sheath,35:30.8,35:30.8
7208,1091,C3798000,malignancy of peripheral nerve sheath,35:30.8,35:30.8
7209,1092,C6561000,malignant epithelioid tumour involving the peripheral nerve sheath,35:30.8,35:30.8
7352,666,C3330000,tumor arising in the pituitary gland,39:01.9,39:01.9
7210,1092,C6561000,malignant epithelioid neoplasm arising from peripheral nerve sheath,35:30.8,35:30.8
7211,1092,C6561000,peripheral nerve sheath with malignant epithelioid tumour,35:30.8,35:30.8
7212,1092,C6561000,malignant epithelioid tumor arising in peripheral nerve sheath,35:30.8,35:30.8
7213,1092,C6561000,peripheral nerve sheath malignant epithelioid tumor,35:30.8,35:30.8
7214,1092,C6561000,malignant epithelioid neoplasm of the peripheral nerve sheath,35:30.8,35:30.8
7215,1092,C6561000,malignant epithelioid tumor arising from the peripheral nerve sheath,35:30.8,35:30.8
7216,1092,C6561000,peripheral nerve sheath with malignant epithelioid tumor,35:30.8,35:30.8
7217,1092,C6561000,malignant epithelioid neoplasm involving peripheral nerve sheath,35:30.8,35:30.8
7218,1092,C6561000,malignant epithelioid tumor involving the peripheral nerve sheath,35:30.9,35:30.9
7219,1092,C6561000,malignant epithelioid neoplasm arising in the peripheral nerve sheath,35:30.9,35:30.9
7220,1092,C6561000,malignant epithelioid tumour involving peripheral nerve sheath,35:30.9,35:30.9
7221,1092,C6561000,malignant epithelioid tumour of peripheral nerve sheath,35:30.9,35:30.9
7222,1092,C6561000,epithelioid mpnst,35:30.9,35:30.9
7223,1092,C6561000,malignant epithelioid tumour of the peripheral nerve sheath,35:30.9,35:30.9
7224,1092,C6561000,malignant epithelioid neoplasm arising in peripheral nerve sheath,35:30.9,35:30.9
7225,1092,C6561000,malignant epithelioid tumor of peripheral nerve sheath,35:30.9,35:30.9
7226,1092,C6561000,malignant epithelioid tumour arising from peripheral nerve sheath,35:30.9,35:30.9
7227,1092,C6561000,peripheral nerve sheath with malignant epithelioid neoplasm,35:30.9,35:30.9
7228,1092,C6561000,epithelioid malignant peripheral nerve sheath neoplasm,35:30.9,35:30.9
7229,1092,C6561000,malignant epithelioid tumour arising in peripheral nerve sheath,35:30.9,35:30.9
7230,1092,C6561000,peripheral nerve sheath malignant epithelioid tumour,35:30.9,35:30.9
7231,1092,C6561000,malignant epithelioid neoplasm involving the peripheral nerve sheath,35:30.9,35:30.9
7232,1092,C6561000,malignant epithelioid tumour arising in the peripheral nerve sheath,35:30.9,35:30.9
7233,1092,C6561000,malignant epithelioid tumor involving peripheral nerve sheath,35:30.9,35:30.9
7234,1092,C6561000,malignant epithelioid tumor arising from peripheral nerve sheath,35:30.9,35:30.9
7235,1092,C6561000,malignant epithelioid tumor arising in the peripheral nerve sheath,35:30.9,35:30.9
7236,1092,C6561000,peripheral nerve sheath malignant epithelioid neoplasm,35:30.9,35:30.9
7237,1092,C6561000,malignant epithelioid peripheral nerve sheath tumour,35:30.9,35:30.9
7238,1092,C6561000,malignant epithelioid peripheral nerve sheath neoplasm,35:31.0,35:31.0
7239,1092,C6561000,malignant epithelioid tumour arising from the peripheral nerve sheath,35:31.0,35:31.0
7240,1092,C6561000,epithelioid malignant peripheral nerve sheath tumor,35:31.0,35:31.0
7241,1092,C6561000,malignant epithelioid tumor of the peripheral nerve sheath,35:31.0,35:31.0
7242,1092,C6561000,malignant epithelioid peripheral nerve sheath tumor,35:31.0,35:31.0
7243,1092,C6561000,malignant epithelioid neoplasm of peripheral nerve sheath,35:31.0,35:31.0
7244,1092,C6561000,malignant epithelioid neoplasm arising from the peripheral nerve sheath,35:31.0,35:31.0
7245,1096,C3230000,neoplasm of meninges,35:31.1,35:31.1
7246,1096,C3230000,meninges tumor,35:31.1,35:31.1
7247,1096,C3230000,meninges tumour,35:31.1,35:31.1
7248,1096,C3230000,tumour of meninges,35:31.1,35:31.1
7249,1096,C3230000,tumour of the meninges,35:31.1,35:31.1
7250,1096,C3230000,meningeal tumor,35:31.1,35:31.1
7251,1096,C3230000,meningeal tumour,35:31.1,35:31.1
7252,1096,C3230000,tumor of meninges,35:31.1,35:31.1
7253,1096,C3230000,meningeal neoplasm,35:31.1,35:31.1
7254,1096,C3230000,tumor of the meninges,35:31.1,35:31.1
7255,1096,C3230000,neoplasm of the meninges,35:31.2,35:31.2
7256,1096,C3230000,meninges neoplasm,35:31.2,35:31.2
7257,1096,C3230000,primary meningeal neoplasm,35:31.2,35:31.2
7258,1103,C3230600,papillary meningiomas,35:31.5,35:31.5
7259,1103,C3230600,meningioma papillary,35:31.5,35:31.5
7260,1103,C3230600,meningiomas papillary,35:31.5,35:31.5
7261,1104,C6909000,rhabdoid transformation arising from tumour cells in meningioma,35:31.6,35:31.6
7262,1104,C6909000,rhabdoid transformation involving the tumour cells in meningioma,35:31.6,35:31.6
7263,1104,C6909000,rhabdoid transformation arising from the tumour cells in meningioma,35:31.6,35:31.6
7264,1104,C6909000,rhabdoid transformation of the neoplasm cells in meningioma,35:31.6,35:31.6
7265,1104,C6909000,rhabdoid transformation of the tumour cells in meningiomas,35:31.6,35:31.6
7266,1104,C6909000,rhabdoid transformation arising from neoplasm cells in meningioma,35:31.6,35:31.6
7267,1104,C6909000,rhabdoid transformation arising from tumor cells in meningioma,35:31.6,35:31.6
7268,1104,C6909000,rhabdoid transformation arising in the tumour cells in meningioma,35:31.6,35:31.6
7269,1104,C6909000,rhabdoid transformation of tumour cells in meningiomas,35:31.6,35:31.6
7270,1104,C6909000,rhabdoid transformation of the tumor cells in meningiomas,35:31.6,35:31.6
7271,1104,C6909000,rhabdoid transformation involving neoplasm cells in meningioma,35:31.6,35:31.6
7272,1104,C6909000,rhabdoid transformation arising from the tumor cells in meningioma,35:31.6,35:31.6
7273,1104,C6909000,tumor cells in meningioma rhabdoid transformation,35:31.6,35:31.6
7274,1104,C6909000,tumor cells in meningioma with rhabdoid transformation,35:31.6,35:31.6
7275,1104,C6909000,neoplasm cells in meningioma with rhabdoid transformation,35:31.6,35:31.6
7276,1104,C6909000,rhabdoid transformation arising in neoplasm cells in meningioma,35:31.6,35:31.6
7277,1104,C6909000,meningioma rhabdoid,35:31.6,35:31.6
7278,1104,C6909000,tumour cells in meningioma with rhabdoid transformation,35:31.7,35:31.7
7279,1104,C6909000,rhabdoid transformation involving tumour cells in meningioma,35:31.7,35:31.7
7353,666,C3330000,tumor of the pituitary gland,39:01.9,39:01.9
7280,1104,C6909000,rhabdoid transformation involving tumor cells in meningioma,35:31.7,35:31.7
7281,1104,C6909000,tumour cells in meningioma rhabdoid transformation,35:31.7,35:31.7
7282,1104,C6909000,rhabdoid transformation arising in tumor cells in meningioma,35:31.7,35:31.7
7283,1104,C6909000,rhabdoid transformation of neoplasm cells in meningioma,35:31.7,35:31.7
7284,1104,C6909000,rhabdoid transformation of the tumor cells in meningioma,35:31.7,35:31.7
7285,1104,C6909000,rhabdoid transformation arising in the neoplasm cells in meningioma,35:31.7,35:31.7
7286,1104,C6909000,rhabdoid transformation of the tumour cells in meningioma,35:31.7,35:31.7
7287,1104,C6909000,rhabdoid transformation of tumour cells in meningioma,35:31.7,35:31.7
7288,1104,C6909000,rhabdoid transformation arising in tumour cells in meningioma,35:31.7,35:31.7
7289,1104,C6909000,rhabdoid transformation involving the tumor cells in meningioma,35:31.7,35:31.7
7290,1104,C6909000,rhabdoid transformation of tumor cells in meningioma,35:31.7,35:31.7
7291,1104,C6909000,rhabdoid transformation involving the neoplasm cells in meningioma,35:31.7,35:31.7
7292,1104,C6909000,rhabdoid transformation arising in the tumor cells in meningioma,35:31.7,35:31.7
7293,1104,C6909000,rhabdoid transformation arising from the neoplasm cells in meningioma,35:31.7,35:31.7
7294,1104,C6909000,rhabdoid transformation of tumor cells in meningiomas,35:31.7,35:31.7
7295,1106,C3329100,spindle cell oncocytoma arising from the pituitary gland,35:31.8,35:31.8
7296,1106,C3329100,spindle cell oncocytoma of the pituitary,35:31.8,35:31.8
7297,1106,C3329100,spindle cell oncocytoma of pituitary gland,35:31.8,35:31.8
7298,1106,C3329100,spindle cell oncocytoma arising from pituitary gland,35:31.8,35:31.8
7299,1106,C3329100,spindle cell oncocytoma involving pituitary,35:31.9,35:31.9
7301,1106,C3329100,spindle cell oncocytoma involving the pituitary,35:31.9,35:31.9
7302,1106,C3329100,adenohypophysis with spindle cell oncocytoma,35:31.9,35:31.9
7303,1106,C3329100,spindle cell oncocytoma of the pituitary gland,35:31.9,35:31.9
7304,1106,C3329100,pituitary gland with spindle cell oncocytoma,35:31.9,35:31.9
7305,1106,C3329100,spindle cell oncocytoma arising in the adenohypophysis,35:31.9,35:31.9
7306,1106,C3329100,spindle cell oncocytoma arising in the pituitary,35:31.9,35:31.9
7307,1106,C3329100,spindle cell oncocytoma arising from the pituitary,35:31.9,35:31.9
7308,1106,C3329100,spindle cell oncocytoma involving adenohypophysis,35:31.9,35:31.9
7309,1106,C3329100,spindle cell oncocytoma involving the adenohypophysis,35:31.9,35:31.9
7310,1106,C3329100,spindle cell oncocytoma arising from pituitary,35:31.9,35:31.9
7311,1106,C3329100,spindle cell oncocytoma of pituitary,35:31.9,35:31.9
7312,1106,C3329100,spindle cell oncocytoma arising from the adenohypophysis,35:31.9,35:31.9
7313,1106,C3329100,spindle cell oncocytoma of adenohypophysis,35:31.9,35:31.9
7314,1106,C3329100,spindle cell oncocytoma arising in the pituitary gland,35:31.9,35:31.9
7315,1106,C3329100,adenohypophysis spindle cell oncocytoma,35:31.9,35:31.9
7316,1106,C3329100,spindle cell oncocytoma arising in pituitary,35:31.9,35:31.9
7317,1106,C3329100,spindle cell oncocytoma arising from adenohypophysis,35:31.9,35:31.9
7318,1106,C3329100,spindle cell oncocytoma arising in pituitary gland,35:31.9,35:31.9
7319,1106,C3329100,pituitary gland spindle cell oncocytoma,35:31.9,35:31.9
7320,1106,C3329100,spindle cell oncocytoma arising in adenohypophysis,35:32.0,35:32.0
7321,1106,C3329100,spindle cell oncocytoma involving pituitary gland,35:32.0,35:32.0
7322,1106,C3329100,spindle cell oncocytoma involving the pituitary gland,35:32.0,35:32.0
7323,1106,C3329100,adenohypophyseal spindle cell oncocytoma,35:32.0,35:32.0
7324,1106,C3329100,pituitary with spindle cell oncocytoma,35:32.0,35:32.0
7325,169,C3158000,leiomyosarcomas,35:32.2,35:32.2
7326,989,C3800000,ehe - epithelioid haemangioendothelioma,35:32.2,35:32.2
7327,989,C3800000,ehe - epithelioid hemangioendothelioma,35:32.2,35:32.2
7328,989,C3800000,epithelioid angioendothelioma,35:32.2,35:32.2
7329,989,C3800000,epithelioid haemangioendothelioma,35:32.2,35:32.2
7103,1072,C6905000,adults with lipidized medulloblastoma,35:29.5,38:18.1
7111,1072,C6905000,lipidized medulloblastoma arising from cerebellum,35:29.6,38:18.2
7330,666,C3330000,tumour involving the pituitary gland,39:01.8,39:01.8
7331,666,C3330000,tumor arising in pituitary,39:01.8,39:01.8
7332,666,C3330000,tumour arising in pituitary gland,39:01.8,39:01.8
7333,666,C3330000,tumour arising in pituitary,39:01.8,39:01.8
7334,666,C3330000,neoplasm arising from pituitary,39:01.8,39:01.8
7335,666,C3330000,pituitary gland with neoplasm,39:01.8,39:01.8
7336,666,C3330000,neoplasm of the pituitary,39:01.8,39:01.8
7337,666,C3330000,pituitary with tumor,39:01.8,39:01.8
7338,666,C3330000,pituitary gland tumour,39:01.8,39:01.8
7339,666,C3330000,neoplasm involving the pituitary gland,39:01.8,39:01.8
7340,666,C3330000,tumour arising in the pituitary gland,39:01.8,39:01.8
7341,666,C3330000,pituitary neoplasm,39:01.8,39:01.8
7342,666,C3330000,tumour arising from pituitary,39:01.8,39:01.8
7343,666,C3330000,tumor involving the pituitary gland,39:01.8,39:01.8
7344,666,C3330000,neoplasm arising in pituitary,39:01.8,39:01.8
7345,666,C3330000,tumour involving pituitary,39:01.8,39:01.8
7346,666,C3330000,tumor involving pituitary,39:01.8,39:01.8
7347,666,C3330000,tumour arising in the pituitary,39:01.8,39:01.8
7348,666,C3330000,neoplasm of pituitary,39:01.8,39:01.8
7349,666,C3330000,pituitary gland with tumour,39:01.9,39:01.9
7350,666,C3330000,tumor arising from the pituitary,39:01.9,39:01.9
7351,666,C3330000,tumor involving the pituitary,39:01.9,39:01.9
7354,666,C3330000,neoplasm arising from the pituitary gland,39:01.9,39:01.9
7355,666,C3330000,tumour involving pituitary gland,39:01.9,39:01.9
7357,666,C3330000,tumor of the pituitary,39:01.9,39:01.9
7358,666,C3330000,neoplasm arising from the pituitary,39:01.9,39:01.9
7359,666,C3330000,neoplasm arising in the pituitary gland,39:01.9,39:01.9
7360,666,C3330000,tumor arising in the pituitary,39:01.9,39:01.9
7361,666,C3330000,pituitary gland tumor,39:01.9,39:01.9
7362,666,C3330000,tumor of pituitary,39:01.9,39:01.9
7363,666,C3330000,tumor arising from pituitary gland,39:01.9,39:01.9
7364,666,C3330000,tumor arising from the pituitary gland,39:01.9,39:01.9
7365,666,C3330000,pituitary with neoplasm,39:01.9,39:01.9
7367,666,C3330000,neoplasm involving the pituitary,39:02.0,39:02.0
7368,666,C3330000,tumor arising in pituitary gland,39:02.0,39:02.0
7369,666,C3330000,neoplasm arising from pituitary gland,39:02.0,39:02.0
7370,666,C3330000,neoplasm of pituitary gland,39:02.0,39:02.0
7371,666,C3330000,tumour arising from the pituitary,39:02.0,39:02.0
7372,666,C3330000,tumour involving the pituitary,39:02.0,39:02.0
7373,666,C3330000,pituitary neoplasms,39:02.0,39:02.0
7374,666,C3330000,tumour arising from the pituitary gland,39:02.0,39:02.0
7375,666,C3330000,neoplasm arising in pituitary gland,39:02.0,39:02.0
7376,666,C3330000,pituitary with tumour,39:02.0,39:02.0
7377,666,C3330000,tumour arising from pituitary gland,39:02.0,39:02.0
7378,666,C3330000,neoplasm of the pituitary gland,39:02.0,39:02.0
7379,666,C3330000,tumor involving pituitary gland,39:02.0,39:02.0
7380,666,C3330000,tumour of the pituitary,39:02.0,39:02.0
7381,666,C3330000,neoplasm involving pituitary gland,39:02.0,39:02.0
7382,666,C3330000,tumour of pituitary,39:02.1,39:02.1
7383,666,C3330000,pituitary gland neoplasm,39:02.1,39:02.1
7384,666,C3330000,tumour of pituitary gland,39:02.1,39:02.1
7385,666,C3330000,neoplasm involving pituitary,39:02.1,39:02.1
7386,666,C3330000,pituitary gland with tumor,39:02.1,39:02.1
7387,666,C3330000,neoplasm arising in the pituitary,39:02.1,39:02.1
7388,666,C3330000,tumour of the pituitary gland,39:02.1,39:02.1
7389,666,C3330000,tumor arising from pituitary,39:02.1,39:02.1
7390,666,C3330000,tumor of pituitary gland,39:02.1,39:02.1
7391,1,,glioneuronal tumor,22:49.5,22:49.5
7391,589,,diffuse infiltrating astrocytoma,22:58.5,22:58.5
7392,589,,diffuse infiltrating astrocytoma,22:58.5,22:58.5
7393,1096,C3230000,meninigoma,35:31.1,35:31.1
7394,109,,diffuse large b cell lymphoma,35:31.1,35:31.1
7395,989,C3800000,pseudomyogenic hemangioendothelioma,35:31.1,35:31.1
7396,6,,gliobastoma,35:31.1,35:31.1